fecha_id;fecha;anio;mes;trimestre;semana_anio;nombre_mes;nombre_dia
F-0001;22/02/2024;2024;2;T1;8;Febrero;Jueves
F-0002;23/02/2024;2024;2;T1;8;Febrero;Viernes
F-0003;24/02/2024;2024;2;T1;8;Febrero;Sábado
F-0004;25/02/2024;2024;2;T1;8;Febrero;Domingo
F-0005;26/02/2024;2024;2;T1;9;Febrero;Lunes
F-0006;27/02/2024;2024;2;T1;9;Febrero;Martes
F-0007;28/02/2024;2024;2;T1;9;Febrero;Miércoles
F-0008;29/02/2024;2024;2;T1;9;Febrero;Jueves
F-0009;01/03/2024;2024;3;T1;9;Marzo;Viernes
F-0010;02/03/2024;2024;3;T1;9;Marzo;Sábado
F-0011;03/03/2024;2024;3;T1;9;Marzo;Domingo
F-0012;04/03/2024;2024;3;T1;10;Marzo;Lunes
F-0013;05/03/2024;2024;3;T1;10;Marzo;Martes
F-0014;06/03/2024;2024;3;T1;10;Marzo;Miércoles
F-0015;07/03/2024;2024;3;T1;10;Marzo;Jueves
F-0016;08/03/2024;2024;3;T1;10;Marzo;Viernes
F-0017;09/03/2024;2024;3;T1;10;Marzo;Sábado
F-0018;10/03/2024;2024;3;T1;10;Marzo;Domingo
F-0019;11/03/2024;2024;3;T1;11;Marzo;Lunes
F-0020;12/03/2024;2024;3;T1;11;Marzo;Martes
F-0021;13/03/2024;2024;3;T1;11;Marzo;Miércoles
F-0022;14/03/2024;2024;3;T1;11;Marzo;Jueves
F-0023;15/03/2024;2024;3;T1;11;Marzo;Viernes
F-0024;16/03/2024;2024;3;T1;11;Marzo;Sábado
F-0025;17/03/2024;2024;3;T1;11;Marzo;Domingo
F-0026;18/03/2024;2024;3;T1;12;Marzo;Lunes
F-0027;19/03/2024;2024;3;T1;12;Marzo;Martes
F-0028;20/03/2024;2024;3;T1;12;Marzo;Miércoles
F-0029;21/03/2024;2024;3;T1;12;Marzo;Jueves
F-0030;22/03/2024;2024;3;T1;12;Marzo;Viernes
F-0031;23/03/2024;2024;3;T1;12;Marzo;Sábado
F-0032;24/03/2024;2024;3;T1;12;Marzo;Domingo
F-0033;25/03/2024;2024;3;T1;13;Marzo;Lunes
F-0034;26/03/2024;2024;3;T1;13;Marzo;Martes
F-0035;27/03/2024;2024;3;T1;13;Marzo;Miércoles
F-0036;28/03/2024;2024;3;T1;13;Marzo;Jueves
F-0037;29/03/2024;2024;3;T1;13;Marzo;Viernes
F-0038;30/03/2024;2024;3;T1;13;Marzo;Sábado
F-0039;31/03/2024;2024;3;T1;13;Marzo;Domingo
F-0040;01/04/2024;2024;4;T2;14;Abril;Lunes
F-0041;02/04/2024;2024;4;T2;14;Abril;Martes
F-0042;03/04/2024;2024;4;T2;14;Abril;Miércoles
F-0043;04/04/2024;2024;4;T2;14;Abril;Jueves
F-0044;05/04/2024;2024;4;T2;14;Abril;Viernes
F-0045;06/04/2024;2024;4;T2;14;Abril;Sábado
F-0046;07/04/2024;2024;4;T2;14;Abril;Domingo
F-0047;08/04/2024;2024;4;T2;15;Abril;Lunes
F-0048;09/04/2024;2024;4;T2;15;Abril;Martes
F-0049;10/04/2024;2024;4;T2;15;Abril;Miércoles
F-0050;11/04/2024;2024;4;T2;15;Abril;Jueves
F-0051;12/04/2024;2024;4;T2;15;Abril;Viernes
F-0052;13/04/2024;2024;4;T2;15;Abril;Sábado
F-0053;14/04/2024;2024;4;T2;15;Abril;Domingo
F-0054;15/04/2024;2024;4;T2;16;Abril;Lunes
F-0055;16/04/2024;2024;4;T2;16;Abril;Martes
F-0056;17/04/2024;2024;4;T2;16;Abril;Miércoles
F-0057;18/04/2024;2024;4;T2;16;Abril;Jueves
F-0058;19/04/2024;2024;4;T2;16;Abril;Viernes
F-0059;20/04/2024;2024;4;T2;16;Abril;Sábado
F-0060;21/04/2024;2024;4;T2;16;Abril;Domingo
F-0061;22/04/2024;2024;4;T2;17;Abril;Lunes
F-0062;23/04/2024;2024;4;T2;17;Abril;Martes
F-0063;24/04/2024;2024;4;T2;17;Abril;Miércoles
F-0064;25/04/2024;2024;4;T2;17;Abril;Jueves
F-0065;26/04/2024;2024;4;T2;17;Abril;Viernes
F-0066;27/04/2024;2024;4;T2;17;Abril;Sábado
F-0067;28/04/2024;2024;4;T2;17;Abril;Domingo
F-0068;29/04/2024;2024;4;T2;18;Abril;Lunes
F-0069;30/04/2024;2024;4;T2;18;Abril;Martes
F-0070;01/05/2024;2024;5;T2;18;Mayo;Miércoles
F-0071;02/05/2024;2024;5;T2;18;Mayo;Jueves
F-0072;03/05/2024;2024;5;T2;18;Mayo;Viernes
F-0073;04/05/2024;2024;5;T2;18;Mayo;Sábado
F-0074;05/05/2024;2024;5;T2;18;Mayo;Domingo
F-0075;06/05/2024;2024;5;T2;19;Mayo;Lunes
F-0076;07/05/2024;2024;5;T2;19;Mayo;Martes
F-0077;08/05/2024;2024;5;T2;19;Mayo;Miércoles
F-0078;09/05/2024;2024;5;T2;19;Mayo;Jueves
F-0079;10/05/2024;2024;5;T2;19;Mayo;Viernes
F-0080;11/05/2024;2024;5;T2;19;Mayo;Sábado
F-0081;12/05/2024;2024;5;T2;19;Mayo;Domingo
F-0082;13/05/2024;2024;5;T2;20;Mayo;Lunes
F-0083;14/05/2024;2024;5;T2;20;Mayo;Martes
F-0084;15/05/2024;2024;5;T2;20;Mayo;Miércoles
F-0085;16/05/2024;2024;5;T2;20;Mayo;Jueves
F-0086;17/05/2024;2024;5;T2;20;Mayo;Viernes
F-0087;18/05/2024;2024;5;T2;20;Mayo;Sábado
F-0088;19/05/2024;2024;5;T2;20;Mayo;Domingo
F-0089;20/05/2024;2024;5;T2;21;Mayo;Lunes
F-0090;21/05/2024;2024;5;T2;21;Mayo;Martes
F-0091;22/05/2024;2024;5;T2;21;Mayo;Miércoles
F-0092;23/05/2024;2024;5;T2;21;Mayo;Jueves
F-0093;24/05/2024;2024;5;T2;21;Mayo;Viernes
F-0094;25/05/2024;2024;5;T2;21;Mayo;Sábado
F-0095;26/05/2024;2024;5;T2;21;Mayo;Domingo
F-0096;27/05/2024;2024;5;T2;22;Mayo;Lunes
F-0097;28/05/2024;2024;5;T2;22;Mayo;Martes
F-0098;29/05/2024;2024;5;T2;22;Mayo;Miércoles
F-0099;30/05/2024;2024;5;T2;22;Mayo;Jueves
F-0100;31/05/2024;2024;5;T2;22;Mayo;Viernes
F-0101;01/06/2024;2024;6;T2;22;Junio;Sábado
F-0102;02/06/2024;2024;6;T2;22;Junio;Domingo
F-0103;03/06/2024;2024;6;T2;23;Junio;Lunes
F-0104;04/06/2024;2024;6;T2;23;Junio;Martes
F-0105;05/06/2024;2024;6;T2;23;Junio;Miércoles
F-0106;06/06/2024;2024;6;T2;23;Junio;Jueves
F-0107;07/06/2024;2024;6;T2;23;Junio;Viernes
F-0108;08/06/2024;2024;6;T2;23;Junio;Sábado
F-0109;09/06/2024;2024;6;T2;23;Junio;Domingo
F-0110;10/06/2024;2024;6;T2;24;Junio;Lunes
F-0111;11/06/2024;2024;6;T2;24;Junio;Martes
F-0112;12/06/2024;2024;6;T2;24;Junio;Miércoles
F-0113;13/06/2024;2024;6;T2;24;Junio;Jueves
F-0114;14/06/2024;2024;6;T2;24;Junio;Viernes
F-0115;15/06/2024;2024;6;T2;24;Junio;Sábado
F-0116;16/06/2024;2024;6;T2;24;Junio;Domingo
F-0117;17/06/2024;2024;6;T2;25;Junio;Lunes
F-0118;18/06/2024;2024;6;T2;25;Junio;Martes
F-0119;19/06/2024;2024;6;T2;25;Junio;Miércoles
F-0120;20/06/2024;2024;6;T2;25;Junio;Jueves
F-0121;21/06/2024;2024;6;T2;25;Junio;Viernes
F-0122;22/06/2024;2024;6;T2;25;Junio;Sábado
F-0123;23/06/2024;2024;6;T2;25;Junio;Domingo
F-0124;24/06/2024;2024;6;T2;26;Junio;Lunes
F-0125;25/06/2024;2024;6;T2;26;Junio;Martes
F-0126;26/06/2024;2024;6;T2;26;Junio;Miércoles
F-0127;27/06/2024;2024;6;T2;26;Junio;Jueves
F-0128;28/06/2024;2024;6;T2;26;Junio;Viernes
F-0129;29/06/2024;2024;6;T2;26;Junio;Sábado
F-0130;30/06/2024;2024;6;T2;26;Junio;Domingo
F-0131;01/07/2024;2024;7;T3;27;Julio;Lunes
F-0132;02/07/2024;2024;7;T3;27;Julio;Martes
F-0133;03/07/2024;2024;7;T3;27;Julio;Miércoles
F-0134;04/07/2024;2024;7;T3;27;Julio;Jueves
F-0135;05/07/2024;2024;7;T3;27;Julio;Viernes
F-0136;06/07/2024;2024;7;T3;27;Julio;Sábado
F-0137;07/07/2024;2024;7;T3;27;Julio;Domingo
F-0138;08/07/2024;2024;7;T3;28;Julio;Lunes
F-0139;09/07/2024;2024;7;T3;28;Julio;Martes
F-0140;10/07/2024;2024;7;T3;28;Julio;Miércoles
F-0141;11/07/2024;2024;7;T3;28;Julio;Jueves
F-0142;12/07/2024;2024;7;T3;28;Julio;Viernes
F-0143;13/07/2024;2024;7;T3;28;Julio;Sábado
F-0144;14/07/2024;2024;7;T3;28;Julio;Domingo
F-0145;15/07/2024;2024;7;T3;29;Julio;Lunes
F-0146;16/07/2024;2024;7;T3;29;Julio;Martes
F-0147;17/07/2024;2024;7;T3;29;Julio;Miércoles
F-0148;18/07/2024;2024;7;T3;29;Julio;Jueves
F-0149;19/07/2024;2024;7;T3;29;Julio;Viernes
F-0150;20/07/2024;2024;7;T3;29;Julio;Sábado
F-0151;21/07/2024;2024;7;T3;29;Julio;Domingo
F-0152;22/07/2024;2024;7;T3;30;Julio;Lunes
F-0153;23/07/2024;2024;7;T3;30;Julio;Martes
F-0154;24/07/2024;2024;7;T3;30;Julio;Miércoles
F-0155;25/07/2024;2024;7;T3;30;Julio;Jueves
F-0156;26/07/2024;2024;7;T3;30;Julio;Viernes
F-0157;27/07/2024;2024;7;T3;30;Julio;Sábado
F-0158;28/07/2024;2024;7;T3;30;Julio;Domingo
F-0159;29/07/2024;2024;7;T3;31;Julio;Lunes
F-0160;30/07/2024;2024;7;T3;31;Julio;Martes
F-0161;31/07/2024;2024;7;T3;31;Julio;Miércoles
F-0162;01/08/2024;2024;8;T3;31;Agosto;Jueves
F-0163;02/08/2024;2024;8;T3;31;Agosto;Viernes
F-0164;03/08/2024;2024;8;T3;31;Agosto;Sábado
F-0165;04/08/2024;2024;8;T3;31;Agosto;Domingo
F-0166;05/08/2024;2024;8;T3;32;Agosto;Lunes
F-0167;06/08/2024;2024;8;T3;32;Agosto;Martes
F-0168;07/08/2024;2024;8;T3;32;Agosto;Miércoles
F-0169;08/08/2024;2024;8;T3;32;Agosto;Jueves
F-0170;09/08/2024;2024;8;T3;32;Agosto;Viernes
F-0171;10/08/2024;2024;8;T3;32;Agosto;Sábado
F-0172;11/08/2024;2024;8;T3;32;Agosto;Domingo
F-0173;12/08/2024;2024;8;T3;33;Agosto;Lunes
F-0174;13/08/2024;2024;8;T3;33;Agosto;Martes
F-0175;14/08/2024;2024;8;T3;33;Agosto;Miércoles
F-0176;15/08/2024;2024;8;T3;33;Agosto;Jueves
F-0177;16/08/2024;2024;8;T3;33;Agosto;Viernes
F-0178;17/08/2024;2024;8;T3;33;Agosto;Sábado
F-0179;18/08/2024;2024;8;T3;33;Agosto;Domingo
F-0180;19/08/2024;2024;8;T3;34;Agosto;Lunes
F-0181;20/08/2024;2024;8;T3;34;Agosto;Martes
F-0182;21/08/2024;2024;8;T3;34;Agosto;Miércoles
F-0183;22/08/2024;2024;8;T3;34;Agosto;Jueves
F-0184;23/08/2024;2024;8;T3;34;Agosto;Viernes
F-0185;24/08/2024;2024;8;T3;34;Agosto;Sábado
F-0186;25/08/2024;2024;8;T3;34;Agosto;Domingo
F-0187;26/08/2024;2024;8;T3;35;Agosto;Lunes
F-0188;27/08/2024;2024;8;T3;35;Agosto;Martes
F-0189;28/08/2024;2024;8;T3;35;Agosto;Miércoles
F-0190;29/08/2024;2024;8;T3;35;Agosto;Jueves
F-0191;30/08/2024;2024;8;T3;35;Agosto;Viernes
F-0192;31/08/2024;2024;8;T3;35;Agosto;Sábado
F-0193;01/09/2024;2024;9;T3;35;Septiembre;Domingo
F-0194;02/09/2024;2024;9;T3;36;Septiembre;Lunes
F-0195;03/09/2024;2024;9;T3;36;Septiembre;Martes
F-0196;04/09/2024;2024;9;T3;36;Septiembre;Miércoles
F-0197;05/09/2024;2024;9;T3;36;Septiembre;Jueves
F-0198;06/09/2024;2024;9;T3;36;Septiembre;Viernes
F-0199;07/09/2024;2024;9;T3;36;Septiembre;Sábado
F-0200;08/09/2024;2024;9;T3;36;Septiembre;Domingo
F-0201;09/09/2024;2024;9;T3;37;Septiembre;Lunes
F-0202;10/09/2024;2024;9;T3;37;Septiembre;Martes
F-0203;11/09/2024;2024;9;T3;37;Septiembre;Miércoles
F-0204;12/09/2024;2024;9;T3;37;Septiembre;Jueves
F-0205;13/09/2024;2024;9;T3;37;Septiembre;Viernes
F-0206;14/09/2024;2024;9;T3;37;Septiembre;Sábado
F-0207;15/09/2024;2024;9;T3;37;Septiembre;Domingo
F-0208;16/09/2024;2024;9;T3;38;Septiembre;Lunes
F-0209;17/09/2024;2024;9;T3;38;Septiembre;Martes
F-0210;18/09/2024;2024;9;T3;38;Septiembre;Miércoles
F-0211;19/09/2024;2024;9;T3;38;Septiembre;Jueves
F-0212;20/09/2024;2024;9;T3;38;Septiembre;Viernes
F-0213;21/09/2024;2024;9;T3;38;Septiembre;Sábado
F-0214;22/09/2024;2024;9;T3;38;Septiembre;Domingo
F-0215;23/09/2024;2024;9;T3;39;Septiembre;Lunes
F-0216;24/09/2024;2024;9;T3;39;Septiembre;Martes
F-0217;25/09/2024;2024;9;T3;39;Septiembre;Miércoles
F-0218;26/09/2024;2024;9;T3;39;Septiembre;Jueves
F-0219;27/09/2024;2024;9;T3;39;Septiembre;Viernes
F-0220;28/09/2024;2024;9;T3;39;Septiembre;Sábado
F-0221;29/09/2024;2024;9;T3;39;Septiembre;Domingo
F-0222;30/09/2024;2024;9;T3;40;Septiembre;Lunes
F-0223;01/10/2024;2024;10;T4;40;Octubre;Martes
F-0224;02/10/2024;2024;10;T4;40;Octubre;Miércoles
F-0225;03/10/2024;2024;10;T4;40;Octubre;Jueves
F-0226;04/10/2024;2024;10;T4;40;Octubre;Viernes
F-0227;05/10/2024;2024;10;T4;40;Octubre;Sábado
F-0228;06/10/2024;2024;10;T4;40;Octubre;Domingo
F-0229;07/10/2024;2024;10;T4;41;Octubre;Lunes
F-0230;08/10/2024;2024;10;T4;41;Octubre;Martes
F-0231;09/10/2024;2024;10;T4;41;Octubre;Miércoles
F-0232;10/10/2024;2024;10;T4;41;Octubre;Jueves
F-0233;11/10/2024;2024;10;T4;41;Octubre;Viernes
F-0234;12/10/2024;2024;10;T4;41;Octubre;Sábado
F-0235;13/10/2024;2024;10;T4;41;Octubre;Domingo
F-0236;14/10/2024;2024;10;T4;42;Octubre;Lunes
F-0237;15/10/2024;2024;10;T4;42;Octubre;Martes
F-0238;16/10/2024;2024;10;T4;42;Octubre;Miércoles
F-0239;17/10/2024;2024;10;T4;42;Octubre;Jueves
F-0240;18/10/2024;2024;10;T4;42;Octubre;Viernes
F-0241;19/10/2024;2024;10;T4;42;Octubre;Sábado
F-0242;20/10/2024;2024;10;T4;42;Octubre;Domingo
F-0243;21/10/2024;2024;10;T4;43;Octubre;Lunes
F-0244;22/10/2024;2024;10;T4;43;Octubre;Martes
F-0245;23/10/2024;2024;10;T4;43;Octubre;Miércoles
F-0246;24/10/2024;2024;10;T4;43;Octubre;Jueves
F-0247;25/10/2024;2024;10;T4;43;Octubre;Viernes
F-0248;26/10/2024;2024;10;T4;43;Octubre;Sábado
F-0249;27/10/2024;2024;10;T4;43;Octubre;Domingo
F-0250;28/10/2024;2024;10;T4;44;Octubre;Lunes
F-0251;29/10/2024;2024;10;T4;44;Octubre;Martes
F-0252;30/10/2024;2024;10;T4;44;Octubre;Miércoles
F-0253;31/10/2024;2024;10;T4;44;Octubre;Jueves
F-0254;01/11/2024;2024;11;T4;44;Noviembre;Viernes
F-0255;02/11/2024;2024;11;T4;44;Noviembre;Sábado
F-0256;03/11/2024;2024;11;T4;44;Noviembre;Domingo
F-0257;04/11/2024;2024;11;T4;45;Noviembre;Lunes
F-0258;05/11/2024;2024;11;T4;45;Noviembre;Martes
F-0259;06/11/2024;2024;11;T4;45;Noviembre;Miércoles
F-0260;07/11/2024;2024;11;T4;45;Noviembre;Jueves
F-0261;08/11/2024;2024;11;T4;45;Noviembre;Viernes
F-0262;09/11/2024;2024;11;T4;45;Noviembre;Sábado
F-0263;10/11/2024;2024;11;T4;45;Noviembre;Domingo
F-0264;11/11/2024;2024;11;T4;46;Noviembre;Lunes
F-0265;12/11/2024;2024;11;T4;46;Noviembre;Martes
F-0266;13/11/2024;2024;11;T4;46;Noviembre;Miércoles
F-0267;14/11/2024;2024;11;T4;46;Noviembre;Jueves
F-0268;15/11/2024;2024;11;T4;46;Noviembre;Viernes
F-0269;16/11/2024;2024;11;T4;46;Noviembre;Sábado
F-0270;17/11/2024;2024;11;T4;46;Noviembre;Domingo
F-0271;18/11/2024;2024;11;T4;47;Noviembre;Lunes
F-0272;19/11/2024;2024;11;T4;47;Noviembre;Martes
F-0273;20/11/2024;2024;11;T4;47;Noviembre;Miércoles
F-0274;21/11/2024;2024;11;T4;47;Noviembre;Jueves
F-0275;22/11/2024;2024;11;T4;47;Noviembre;Viernes
F-0276;23/11/2024;2024;11;T4;47;Noviembre;Sábado
F-0277;24/11/2024;2024;11;T4;47;Noviembre;Domingo
F-0278;25/11/2024;2024;11;T4;48;Noviembre;Lunes
F-0279;26/11/2024;2024;11;T4;48;Noviembre;Martes
F-0280;27/11/2024;2024;11;T4;48;Noviembre;Miércoles
F-0281;28/11/2024;2024;11;T4;48;Noviembre;Jueves
F-0282;29/11/2024;2024;11;T4;48;Noviembre;Viernes
F-0283;30/11/2024;2024;11;T4;48;Noviembre;Sábado
F-0284;01/12/2024;2024;12;T4;48;Diciembre;Domingo
F-0285;02/12/2024;2024;12;T4;49;Diciembre;Lunes
F-0286;03/12/2024;2024;12;T4;49;Diciembre;Martes
F-0287;04/12/2024;2024;12;T4;49;Diciembre;Miércoles
F-0288;05/12/2024;2024;12;T4;49;Diciembre;Jueves
F-0289;06/12/2024;2024;12;T4;49;Diciembre;Viernes
F-0290;07/12/2024;2024;12;T4;49;Diciembre;Sábado
F-0291;08/12/2024;2024;12;T4;49;Diciembre;Domingo
F-0292;09/12/2024;2024;12;T4;50;Diciembre;Lunes
F-0293;10/12/2024;2024;12;T4;50;Diciembre;Martes
F-0294;11/12/2024;2024;12;T4;50;Diciembre;Miércoles
F-0295;12/12/2024;2024;12;T4;50;Diciembre;Jueves
F-0296;13/12/2024;2024;12;T4;50;Diciembre;Viernes
F-0297;14/12/2024;2024;12;T4;50;Diciembre;Sábado
F-0298;15/12/2024;2024;12;T4;50;Diciembre;Domingo
F-0299;16/12/2024;2024;12;T4;51;Diciembre;Lunes
F-0300;17/12/2024;2024;12;T4;51;Diciembre;Martes
F-0301;18/12/2024;2024;12;T4;51;Diciembre;Miércoles
F-0302;19/12/2024;2024;12;T4;51;Diciembre;Jueves
F-0303;20/12/2024;2024;12;T4;51;Diciembre;Viernes
F-0304;21/12/2024;2024;12;T4;51;Diciembre;Sábado
F-0305;22/12/2024;2024;12;T4;51;Diciembre;Domingo
F-0306;23/12/2024;2024;12;T4;52;Diciembre;Lunes
F-0307;24/12/2024;2024;12;T4;52;Diciembre;Martes
F-0308;25/12/2024;2024;12;T4;52;Diciembre;Miércoles
F-0309;26/12/2024;2024;12;T4;52;Diciembre;Jueves
F-0310;27/12/2024;2024;12;T4;52;Diciembre;Viernes
F-0311;28/12/2024;2024;12;T4;52;Diciembre;Sábado
F-0312;29/12/2024;2024;12;T4;52;Diciembre;Domingo
F-0313;30/12/2024;2024;12;T4;53;Diciembre;Lunes
F-0314;31/12/2024;2024;12;T4;53;Diciembre;Martes
F-0315;01/01/2025;2025;1;T1;1;Enero;Miércoles
F-0316;02/01/2025;2025;1;T1;1;Enero;Jueves
F-0317;03/01/2025;2025;1;T1;1;Enero;Viernes
F-0318;04/01/2025;2025;1;T1;1;Enero;Sábado
F-0319;05/01/2025;2025;1;T1;1;Enero;Domingo
F-0320;06/01/2025;2025;1;T1;2;Enero;Lunes
F-0321;07/01/2025;2025;1;T1;2;Enero;Martes
F-0322;08/01/2025;2025;1;T1;2;Enero;Miércoles
F-0323;09/01/2025;2025;1;T1;2;Enero;Jueves
F-0324;10/01/2025;2025;1;T1;2;Enero;Viernes
F-0325;11/01/2025;2025;1;T1;2;Enero;Sábado
F-0326;12/01/2025;2025;1;T1;2;Enero;Domingo
F-0327;13/01/2025;2025;1;T1;3;Enero;Lunes
F-0328;14/01/2025;2025;1;T1;3;Enero;Martes
F-0329;15/01/2025;2025;1;T1;3;Enero;Miércoles
F-0330;16/01/2025;2025;1;T1;3;Enero;Jueves
F-0331;17/01/2025;2025;1;T1;3;Enero;Viernes
F-0332;18/01/2025;2025;1;T1;3;Enero;Sábado
F-0333;19/01/2025;2025;1;T1;3;Enero;Domingo
F-0334;20/01/2025;2025;1;T1;4;Enero;Lunes
F-0335;21/01/2025;2025;1;T1;4;Enero;Martes
F-0336;22/01/2025;2025;1;T1;4;Enero;Miércoles
F-0337;23/01/2025;2025;1;T1;4;Enero;Jueves
F-0338;24/01/2025;2025;1;T1;4;Enero;Viernes
F-0339;25/01/2025;2025;1;T1;4;Enero;Sábado
F-0340;26/01/2025;2025;1;T1;4;Enero;Domingo
F-0341;27/01/2025;2025;1;T1;5;Enero;Lunes
F-0342;28/01/2025;2025;1;T1;5;Enero;Martes
F-0343;29/01/2025;2025;1;T1;5;Enero;Miércoles
F-0344;30/01/2025;2025;1;T1;5;Enero;Jueves
F-0345;31/01/2025;2025;1;T1;5;Enero;Viernes
F-0346;01/02/2025;2025;2;T1;5;Febrero;Sábado
F-0347;02/02/2025;2025;2;T1;5;Febrero;Domingo
F-0348;03/02/2025;2025;2;T1;6;Febrero;Lunes
F-0349;04/02/2025;2025;2;T1;6;Febrero;Martes
F-0350;05/02/2025;2025;2;T1;6;Febrero;Miércoles
F-0351;06/02/2025;2025;2;T1;6;Febrero;Jueves
F-0352;07/02/2025;2025;2;T1;6;Febrero;Viernes
F-0353;08/02/2025;2025;2;T1;6;Febrero;Sábado
F-0354;09/02/2025;2025;2;T1;6;Febrero;Domingo
F-0355;10/02/2025;2025;2;T1;7;Febrero;Lunes
F-0356;11/02/2025;2025;2;T1;7;Febrero;Martes
F-0357;12/02/2025;2025;2;T1;7;Febrero;Miércoles
F-0358;13/02/2025;2025;2;T1;7;Febrero;Jueves
F-0359;14/02/2025;2025;2;T1;7;Febrero;Viernes
F-0360;15/02/2025;2025;2;T1;7;Febrero;Sábado
F-0361;16/02/2025;2025;2;T1;7;Febrero;Domingo
F-0362;17/02/2025;2025;2;T1;8;Febrero;Lunes
F-0363;18/02/2025;2025;2;T1;8;Febrero;Martes
F-0364;19/02/2025;2025;2;T1;8;Febrero;Miércoles
F-0365;20/02/2025;2025;2;T1;8;Febrero;Jueves
F-0366;21/02/2025;2025;2;T1;8;Febrero;Viernes
F-0367;22/02/2025;2025;2;T1;8;Febrero;Sábado
F-0368;23/02/2025;2025;2;T1;8;Febrero;Domingo
F-0369;24/02/2025;2025;2;T1;9;Febrero;Lunes
F-0370;25/02/2025;2025;2;T1;9;Febrero;Martes
F-0371;26/02/2025;2025;2;T1;9;Febrero;Miércoles
F-0372;27/02/2025;2025;2;T1;9;Febrero;Jueves
F-0373;28/02/2025;2025;2;T1;9;Febrero;Viernes
F-0374;01/03/2025;2025;3;T1;9;Marzo;Sábado
F-0375;02/03/2025;2025;3;T1;9;Marzo;Domingo
F-0376;03/03/2025;2025;3;T1;10;Marzo;Lunes
F-0377;04/03/2025;2025;3;T1;10;Marzo;Martes
F-0378;05/03/2025;2025;3;T1;10;Marzo;Miércoles
F-0379;06/03/2025;2025;3;T1;10;Marzo;Jueves
F-0380;07/03/2025;2025;3;T1;10;Marzo;Viernes
F-0381;08/03/2025;2025;3;T1;10;Marzo;Sábado
F-0382;09/03/2025;2025;3;T1;10;Marzo;Domingo
F-0383;10/03/2025;2025;3;T1;11;Marzo;Lunes
F-0384;11/03/2025;2025;3;T1;11;Marzo;Martes
F-0385;12/03/2025;2025;3;T1;11;Marzo;Miércoles
F-0386;13/03/2025;2025;3;T1;11;Marzo;Jueves
F-0387;14/03/2025;2025;3;T1;11;Marzo;Viernes
F-0388;15/03/2025;2025;3;T1;11;Marzo;Sábado
F-0389;16/03/2025;2025;3;T1;11;Marzo;Domingo
F-0390;17/03/2025;2025;3;T1;12;Marzo;Lunes
F-0391;18/03/2025;2025;3;T1;12;Marzo;Martes
F-0392;19/03/2025;2025;3;T1;12;Marzo;Miércoles
F-0393;20/03/2025;2025;3;T1;12;Marzo;Jueves
F-0394;21/03/2025;2025;3;T1;12;Marzo;Viernes
F-0395;22/03/2025;2025;3;T1;12;Marzo;Sábado
F-0396;23/03/2025;2025;3;T1;12;Marzo;Domingo
F-0397;24/03/2025;2025;3;T1;13;Marzo;Lunes
F-0398;25/03/2025;2025;3;T1;13;Marzo;Martes
F-0399;26/03/2025;2025;3;T1;13;Marzo;Miércoles
F-0400;27/03/2025;2025;3;T1;13;Marzo;Jueves
F-0401;28/03/2025;2025;3;T1;13;Marzo;Viernes
F-0402;29/03/2025;2025;3;T1;13;Marzo;Sábado
F-0403;30/03/2025;2025;3;T1;13;Marzo;Domingo
F-0404;31/03/2025;2025;3;T1;14;Marzo;Lunes
F-0405;01/04/2025;2025;4;T2;14;Abril;Martes
F-0406;02/04/2025;2025;4;T2;14;Abril;Miércoles
F-0407;03/04/2025;2025;4;T2;14;Abril;Jueves
F-0408;04/04/2025;2025;4;T2;14;Abril;Viernes
F-0409;05/04/2025;2025;4;T2;14;Abril;Sábado
F-0410;06/04/2025;2025;4;T2;14;Abril;Domingo
F-0411;07/04/2025;2025;4;T2;15;Abril;Lunes
F-0412;08/04/2025;2025;4;T2;15;Abril;Martes
F-0413;09/04/2025;2025;4;T2;15;Abril;Miércoles
F-0414;10/04/2025;2025;4;T2;15;Abril;Jueves
F-0415;11/04/2025;2025;4;T2;15;Abril;Viernes
F-0416;12/04/2025;2025;4;T2;15;Abril;Sábado
F-0417;13/04/2025;2025;4;T2;15;Abril;Domingo
F-0418;14/04/2025;2025;4;T2;16;Abril;Lunes
F-0419;15/04/2025;2025;4;T2;16;Abril;Martes
F-0420;16/04/2025;2025;4;T2;16;Abril;Miércoles
F-0421;17/04/2025;2025;4;T2;16;Abril;Jueves
F-0422;18/04/2025;2025;4;T2;16;Abril;Viernes
F-0423;19/04/2025;2025;4;T2;16;Abril;Sábado
F-0424;20/04/2025;2025;4;T2;16;Abril;Domingo
F-0425;21/04/2025;2025;4;T2;17;Abril;Lunes
F-0426;22/04/2025;2025;4;T2;17;Abril;Martes
F-0427;23/04/2025;2025;4;T2;17;Abril;Miércoles
F-0428;24/04/2025;2025;4;T2;17;Abril;Jueves
F-0429;25/04/2025;2025;4;T2;17;Abril;Viernes
F-0430;26/04/2025;2025;4;T2;17;Abril;Sábado
F-0431;27/04/2025;2025;4;T2;17;Abril;Domingo
F-0432;28/04/2025;2025;4;T2;18;Abril;Lunes
F-0433;29/04/2025;2025;4;T2;18;Abril;Martes
F-0434;30/04/2025;2025;4;T2;18;Abril;Miércoles
F-0435;01/05/2025;2025;5;T2;18;Mayo;Jueves
F-0436;02/05/2025;2025;5;T2;18;Mayo;Viernes
F-0437;03/05/2025;2025;5;T2;18;Mayo;Sábado
F-0438;04/05/2025;2025;5;T2;18;Mayo;Domingo
F-0439;05/05/2025;2025;5;T2;19;Mayo;Lunes
F-0440;06/05/2025;2025;5;T2;19;Mayo;Martes
F-0441;07/05/2025;2025;5;T2;19;Mayo;Miércoles
F-0442;08/05/2025;2025;5;T2;19;Mayo;Jueves
F-0443;09/05/2025;2025;5;T2;19;Mayo;Viernes
F-0444;10/05/2025;2025;5;T2;19;Mayo;Sábado
F-0445;11/05/2025;2025;5;T2;19;Mayo;Domingo
F-0446;12/05/2025;2025;5;T2;20;Mayo;Lunes
F-0447;13/05/2025;2025;5;T2;20;Mayo;Martes
F-0448;14/05/2025;2025;5;T2;20;Mayo;Miércoles
F-0449;15/05/2025;2025;5;T2;20;Mayo;Jueves
F-0450;16/05/2025;2025;5;T2;20;Mayo;Viernes
F-0451;17/05/2025;2025;5;T2;20;Mayo;Sábado
F-0452;18/05/2025;2025;5;T2;20;Mayo;Domingo
F-0453;19/05/2025;2025;5;T2;21;Mayo;Lunes
F-0454;20/05/2025;2025;5;T2;21;Mayo;Martes
F-0455;21/05/2025;2025;5;T2;21;Mayo;Miércoles
F-0456;22/05/2025;2025;5;T2;21;Mayo;Jueves
F-0457;23/05/2025;2025;5;T2;21;Mayo;Viernes
F-0458;24/05/2025;2025;5;T2;21;Mayo;Sábado
F-0459;25/05/2025;2025;5;T2;21;Mayo;Domingo
F-0460;26/05/2025;2025;5;T2;22;Mayo;Lunes
F-0461;27/05/2025;2025;5;T2;22;Mayo;Martes
F-0462;28/05/2025;2025;5;T2;22;Mayo;Miércoles
F-0463;29/05/2025;2025;5;T2;22;Mayo;Jueves
F-0464;30/05/2025;2025;5;T2;22;Mayo;Viernes
F-0465;31/05/2025;2025;5;T2;22;Mayo;Sábado
F-0466;01/06/2025;2025;6;T2;22;Junio;Domingo
F-0467;02/06/2025;2025;6;T2;23;Junio;Lunes
F-0468;03/06/2025;2025;6;T2;23;Junio;Martes
F-0469;04/06/2025;2025;6;T2;23;Junio;Miércoles
F-0470;05/06/2025;2025;6;T2;23;Junio;Jueves
F-0471;06/06/2025;2025;6;T2;23;Junio;Viernes
F-0472;07/06/2025;2025;6;T2;23;Junio;Sábado
F-0473;08/06/2025;2025;6;T2;23;Junio;Domingo
F-0474;09/06/2025;2025;6;T2;24;Junio;Lunes
F-0475;10/06/2025;2025;6;T2;24;Junio;Martes
F-0476;11/06/2025;2025;6;T2;24;Junio;Miércoles
F-0477;12/06/2025;2025;6;T2;24;Junio;Jueves
F-0478;13/06/2025;2025;6;T2;24;Junio;Viernes
F-0479;14/06/2025;2025;6;T2;24;Junio;Sábado
F-0480;15/06/2025;2025;6;T2;24;Junio;Domingo
F-0481;16/06/2025;2025;6;T2;25;Junio;Lunes
F-0482;17/06/2025;2025;6;T2;25;Junio;Martes
F-0483;18/06/2025;2025;6;T2;25;Junio;Miércoles
F-0484;19/06/2025;2025;6;T2;25;Junio;Jueves
F-0485;20/06/2025;2025;6;T2;25;Junio;Viernes
F-0486;21/06/2025;2025;6;T2;25;Junio;Sábado
F-0487;22/06/2025;2025;6;T2;25;Junio;Domingo
F-0488;23/06/2025;2025;6;T2;26;Junio;Lunes
F-0489;24/06/2025;2025;6;T2;26;Junio;Martes
F-0490;25/06/2025;2025;6;T2;26;Junio;Miércoles
F-0491;26/06/2025;2025;6;T2;26;Junio;Jueves
F-0492;27/06/2025;2025;6;T2;26;Junio;Viernes
F-0493;28/06/2025;2025;6;T2;26;Junio;Sábado
F-0494;29/06/2025;2025;6;T2;26;Junio;Domingo
F-0495;30/06/2025;2025;6;T2;27;Junio;Lunes
F-0496;01/07/2025;2025;7;T3;27;Julio;Martes
F-0497;02/07/2025;2025;7;T3;27;Julio;Miércoles
F-0498;03/07/2025;2025;7;T3;27;Julio;Jueves
F-0499;04/07/2025;2025;7;T3;27;Julio;Viernes
F-0500;05/07/2025;2025;7;T3;27;Julio;Sábado
F-0501;06/07/2025;2025;7;T3;27;Julio;Domingo
F-0502;07/07/2025;2025;7;T3;28;Julio;Lunes
F-0503;08/07/2025;2025;7;T3;28;Julio;Martes
F-0504;09/07/2025;2025;7;T3;28;Julio;Miércoles
F-0505;10/07/2025;2025;7;T3;28;Julio;Jueves
F-0506;11/07/2025;2025;7;T3;28;Julio;Viernes
F-0507;12/07/2025;2025;7;T3;28;Julio;Sábado
F-0508;13/07/2025;2025;7;T3;28;Julio;Domingo
F-0509;14/07/2025;2025;7;T3;29;Julio;Lunes
F-0510;15/07/2025;2025;7;T3;29;Julio;Martes
F-0511;16/07/2025;2025;7;T3;29;Julio;Miércoles
F-0512;17/07/2025;2025;7;T3;29;Julio;Jueves
F-0513;18/07/2025;2025;7;T3;29;Julio;Viernes
F-0514;19/07/2025;2025;7;T3;29;Julio;Sábado
F-0515;20/07/2025;2025;7;T3;29;Julio;Domingo
F-0516;21/07/2025;2025;7;T3;30;Julio;Lunes
F-0517;22/07/2025;2025;7;T3;30;Julio;Martes
F-0518;23/07/2025;2025;7;T3;30;Julio;Miércoles
F-0519;24/07/2025;2025;7;T3;30;Julio;Jueves
F-0520;25/07/2025;2025;7;T3;30;Julio;Viernes
F-0521;26/07/2025;2025;7;T3;30;Julio;Sábado
F-0522;27/07/2025;2025;7;T3;30;Julio;Domingo
F-0523;28/07/2025;2025;7;T3;31;Julio;Lunes
F-0524;29/07/2025;2025;7;T3;31;Julio;Martes
F-0525;30/07/2025;2025;7;T3;31;Julio;Miércoles
F-0526;31/07/2025;2025;7;T3;31;Julio;Jueves
F-0527;01/08/2025;2025;8;T3;31;Agosto;Viernes
F-0528;02/08/2025;2025;8;T3;31;Agosto;Sábado
F-0529;03/08/2025;2025;8;T3;31;Agosto;Domingo
F-0530;04/08/2025;2025;8;T3;32;Agosto;Lunes
F-0531;05/08/2025;2025;8;T3;32;Agosto;Martes
F-0532;06/08/2025;2025;8;T3;32;Agosto;Miércoles
F-0533;07/08/2025;2025;8;T3;32;Agosto;Jueves
F-0534;08/08/2025;2025;8;T3;32;Agosto;Viernes
F-0535;09/08/2025;2025;8;T3;32;Agosto;Sábado
F-0536;10/08/2025;2025;8;T3;32;Agosto;Domingo
F-0537;11/08/2025;2025;8;T3;33;Agosto;Lunes
F-0538;12/08/2025;2025;8;T3;33;Agosto;Martes
F-0539;13/08/2025;2025;8;T3;33;Agosto;Miércoles
F-0540;14/08/2025;2025;8;T3;33;Agosto;Jueves
F-0541;15/08/2025;2025;8;T3;33;Agosto;Viernes
F-0542;16/08/2025;2025;8;T3;33;Agosto;Sábado
F-0543;17/08/2025;2025;8;T3;33;Agosto;Domingo
F-0544;18/08/2025;2025;8;T3;34;Agosto;Lunes
F-0545;19/08/2025;2025;8;T3;34;Agosto;Martes
F-0546;20/08/2025;2025;8;T3;34;Agosto;Miércoles
F-0547;21/08/2025;2025;8;T3;34;Agosto;Jueves
F-0548;22/08/2025;2025;8;T3;34;Agosto;Viernes
F-0549;23/08/2025;2025;8;T3;34;Agosto;Sábado
F-0550;24/08/2025;2025;8;T3;34;Agosto;Domingo
F-0551;25/08/2025;2025;8;T3;35;Agosto;Lunes
F-0552;26/08/2025;2025;8;T3;35;Agosto;Martes
F-0553;27/08/2025;2025;8;T3;35;Agosto;Miércoles
F-0554;28/08/2025;2025;8;T3;35;Agosto;Jueves
F-0555;29/08/2025;2025;8;T3;35;Agosto;Viernes
F-0556;30/08/2025;2025;8;T3;35;Agosto;Sábado
F-0557;31/08/2025;2025;8;T3;35;Agosto;Domingo
F-0558;01/09/2025;2025;9;T3;36;Septiembre;Lunes
F-0559;02/09/2025;2025;9;T3;36;Septiembre;Martes
F-0560;03/09/2025;2025;9;T3;36;Septiembre;Miércoles
F-0561;04/09/2025;2025;9;T3;36;Septiembre;Jueves
F-0562;05/09/2025;2025;9;T3;36;Septiembre;Viernes
F-0563;06/09/2025;2025;9;T3;36;Septiembre;Sábado
F-0564;07/09/2025;2025;9;T3;36;Septiembre;Domingo
F-0565;08/09/2025;2025;9;T3;37;Septiembre;Lunes
F-0566;09/09/2025;2025;9;T3;37;Septiembre;Martes
F-0567;10/09/2025;2025;9;T3;37;Septiembre;Miércoles
F-0568;11/09/2025;2025;9;T3;37;Septiembre;Jueves
F-0569;12/09/2025;2025;9;T3;37;Septiembre;Viernes
F-0570;13/09/2025;2025;9;T3;37;Septiembre;Sábado
F-0571;14/09/2025;2025;9;T3;37;Septiembre;Domingo
F-0572;15/09/2025;2025;9;T3;38;Septiembre;Lunes
F-0573;16/09/2025;2025;9;T3;38;Septiembre;Martes
F-0574;17/09/2025;2025;9;T3;38;Septiembre;Miércoles
F-0575;18/09/2025;2025;9;T3;38;Septiembre;Jueves
F-0576;19/09/2025;2025;9;T3;38;Septiembre;Viernes
F-0577;20/09/2025;2025;9;T3;38;Septiembre;Sábado
F-0578;21/09/2025;2025;9;T3;38;Septiembre;Domingo
F-0579;22/09/2025;2025;9;T3;39;Septiembre;Lunes
F-0580;23/09/2025;2025;9;T3;39;Septiembre;Martes
F-0581;24/09/2025;2025;9;T3;39;Septiembre;Miércoles
F-0582;25/09/2025;2025;9;T3;39;Septiembre;Jueves
F-0583;26/09/2025;2025;9;T3;39;Septiembre;Viernes
F-0584;27/09/2025;2025;9;T3;39;Septiembre;Sábado
F-0585;28/09/2025;2025;9;T3;39;Septiembre;Domingo
F-0586;29/09/2025;2025;9;T3;40;Septiembre;Lunes
F-0587;30/09/2025;2025;9;T3;40;Septiembre;Martes
F-0588;01/10/2025;2025;10;T4;40;Octubre;Miércoles
F-0589;02/10/2025;2025;10;T4;40;Octubre;Jueves
F-0590;03/10/2025;2025;10;T4;40;Octubre;Viernes
F-0591;04/10/2025;2025;10;T4;40;Octubre;Sábado
F-0592;05/10/2025;2025;10;T4;40;Octubre;Domingo
F-0593;06/10/2025;2025;10;T4;41;Octubre;Lunes
F-0594;07/10/2025;2025;10;T4;41;Octubre;Martes
F-0595;08/10/2025;2025;10;T4;41;Octubre;Miércoles
F-0596;09/10/2025;2025;10;T4;41;Octubre;Jueves
F-0597;10/10/2025;2025;10;T4;41;Octubre;Viernes
F-0598;11/10/2025;2025;10;T4;41;Octubre;Sábado
F-0599;12/10/2025;2025;10;T4;41;Octubre;Domingo
F-0600;13/10/2025;2025;10;T4;42;Octubre;Lunes
F-0601;14/10/2025;2025;10;T4;42;Octubre;Martes
F-0602;15/10/2025;2025;10;T4;42;Octubre;Miércoles
F-0603;16/10/2025;2025;10;T4;42;Octubre;Jueves
F-0604;17/10/2025;2025;10;T4;42;Octubre;Viernes
F-0605;18/10/2025;2025;10;T4;42;Octubre;Sábado
F-0606;19/10/2025;2025;10;T4;42;Octubre;Domingo
F-0607;20/10/2025;2025;10;T4;43;Octubre;Lunes
F-0608;21/10/2025;2025;10;T4;43;Octubre;Martes
F-0609;22/10/2025;2025;10;T4;43;Octubre;Miércoles
F-0610;23/10/2025;2025;10;T4;43;Octubre;Jueves
F-0611;24/10/2025;2025;10;T4;43;Octubre;Viernes
F-0612;25/10/2025;2025;10;T4;43;Octubre;Sábado
F-0613;26/10/2025;2025;10;T4;43;Octubre;Domingo
F-0614;27/10/2025;2025;10;T4;44;Octubre;Lunes
F-0615;28/10/2025;2025;10;T4;44;Octubre;Martes
F-0616;29/10/2025;2025;10;T4;44;Octubre;Miércoles
F-0617;30/10/2025;2025;10;T4;44;Octubre;Jueves
F-0618;31/10/2025;2025;10;T4;44;Octubre;Viernes
F-0619;01/11/2025;2025;11;T4;44;Noviembre;Sábado
F-0620;02/11/2025;2025;11;T4;44;Noviembre;Domingo
F-0621;03/11/2025;2025;11;T4;45;Noviembre;Lunes
F-0622;04/11/2025;2025;11;T4;45;Noviembre;Martes
F-0623;05/11/2025;2025;11;T4;45;Noviembre;Miércoles
F-0624;06/11/2025;2025;11;T4;45;Noviembre;Jueves
F-0625;07/11/2025;2025;11;T4;45;Noviembre;Viernes
F-0626;08/11/2025;2025;11;T4;45;Noviembre;Sábado
F-0627;09/11/2025;2025;11;T4;45;Noviembre;Domingo
F-0628;10/11/2025;2025;11;T4;46;Noviembre;Lunes
F-0629;11/11/2025;2025;11;T4;46;Noviembre;Martes
F-0630;12/11/2025;2025;11;T4;46;Noviembre;Miércoles
F-0631;13/11/2025;2025;11;T4;46;Noviembre;Jueves
F-0632;14/11/2025;2025;11;T4;46;Noviembre;Viernes
F-0633;15/11/2025;2025;11;T4;46;Noviembre;Sábado
F-0634;16/11/2025;2025;11;T4;46;Noviembre;Domingo
F-0635;17/11/2025;2025;11;T4;47;Noviembre;Lunes
F-0636;18/11/2025;2025;11;T4;47;Noviembre;Martes
F-0637;19/11/2025;2025;11;T4;47;Noviembre;Miércoles
F-0638;20/11/2025;2025;11;T4;47;Noviembre;Jueves
F-0639;21/11/2025;2025;11;T4;47;Noviembre;Viernes
F-0640;22/11/2025;2025;11;T4;47;Noviembre;Sábado
F-0641;23/11/2025;2025;11;T4;47;Noviembre;Domingo
F-0642;24/11/2025;2025;11;T4;48;Noviembre;Lunes
F-0643;25/11/2025;2025;11;T4;48;Noviembre;Martes
F-0644;26/11/2025;2025;11;T4;48;Noviembre;Miércoles
F-0645;27/11/2025;2025;11;T4;48;Noviembre;Jueves
F-0646;28/11/2025;2025;11;T4;48;Noviembre;Viernes
F-0647;29/11/2025;2025;11;T4;48;Noviembre;Sábado
F-0648;30/11/2025;2025;11;T4;48;Noviembre;Domingo
F-0649;01/12/2025;2025;12;T4;49;Diciembre;Lunes
F-0650;02/12/2025;2025;12;T4;49;Diciembre;Martes
F-0651;03/12/2025;2025;12;T4;49;Diciembre;Miércoles
F-0652;04/12/2025;2025;12;T4;49;Diciembre;Jueves
F-0653;05/12/2025;2025;12;T4;49;Diciembre;Viernes
F-0654;06/12/2025;2025;12;T4;49;Diciembre;Sábado
F-0655;07/12/2025;2025;12;T4;49;Diciembre;Domingo
F-0656;08/12/2025;2025;12;T4;50;Diciembre;Lunes
F-0657;09/12/2025;2025;12;T4;50;Diciembre;Martes
F-0658;10/12/2025;2025;12;T4;50;Diciembre;Miércoles
F-0659;11/12/2025;2025;12;T4;50;Diciembre;Jueves
F-0660;12/12/2025;2025;12;T4;50;Diciembre;Viernes
F-0661;13/12/2025;2025;12;T4;50;Diciembre;Sábado
F-0662;14/12/2025;2025;12;T4;50;Diciembre;Domingo
F-0663;15/12/2025;2025;12;T4;51;Diciembre;Lunes
F-0664;16/12/2025;2025;12;T4;51;Diciembre;Martes
F-0665;17/12/2025;2025;12;T4;51;Diciembre;Miércoles
F-0666;18/12/2025;2025;12;T4;51;Diciembre;Jueves
F-0667;19/12/2025;2025;12;T4;51;Diciembre;Viernes
F-0668;20/12/2025;2025;12;T4;51;Diciembre;Sábado
F-0669;21/12/2025;2025;12;T4;51;Diciembre;Domingo
F-0670;22/12/2025;2025;12;T4;52;Diciembre;Lunes
F-0671;23/12/2025;2025;12;T4;52;Diciembre;Martes
F-0672;24/12/2025;2025;12;T4;52;Diciembre;Miércoles
F-0673;25/12/2025;2025;12;T4;52;Diciembre;Jueves
F-0674;26/12/2025;2025;12;T4;52;Diciembre;Viernes
F-0675;27/12/2025;2025;12;T4;52;Diciembre;Sábado
F-0676;28/12/2025;2025;12;T4;52;Diciembre;Domingo
F-0677;29/12/2025;2025;12;T4;53;Diciembre;Lunes
F-0678;30/12/2025;2025;12;T4;53;Diciembre;Martes
F-0679;31/12/2025;2025;12;T4;53;Diciembre;Miércoles
F-0680;01/01/2026;2026;1;T1;1;Enero;Jueves
F-0681;02/01/2026;2026;1;T1;1;Enero;Viernes
F-0682;03/01/2026;2026;1;T1;1;Enero;Sábado
F-0683;04/01/2026;2026;1;T1;1;Enero;Domingo
F-0684;05/01/2026;2026;1;T1;2;Enero;Lunes
F-0685;06/01/2026;2026;1;T1;2;Enero;Martes
F-0686;07/01/2026;2026;1;T1;2;Enero;Miércoles
F-0687;08/01/2026;2026;1;T1;2;Enero;Jueves
F-0688;09/01/2026;2026;1;T1;2;Enero;Viernes
F-0689;10/01/2026;2026;1;T1;2;Enero;Sábado
F-0690;11/01/2026;2026;1;T1;2;Enero;Domingo
F-0691;12/01/2026;2026;1;T1;3;Enero;Lunes
F-0692;13/01/2026;2026;1;T1;3;Enero;Martes
F-0693;14/01/2026;2026;1;T1;3;Enero;Miércoles
F-0694;15/01/2026;2026;1;T1;3;Enero;Jueves
F-0695;16/01/2026;2026;1;T1;3;Enero;Viernes
F-0696;17/01/2026;2026;1;T1;3;Enero;Sábado
F-0697;18/01/2026;2026;1;T1;3;Enero;Domingo
F-0698;19/01/2026;2026;1;T1;4;Enero;Lunes
F-0699;20/01/2026;2026;1;T1;4;Enero;Martes
F-0700;21/01/2026;2026;1;T1;4;Enero;Miércoles
F-0701;22/01/2026;2026;1;T1;4;Enero;Jueves
F-0702;23/01/2026;2026;1;T1;4;Enero;Viernes
F-0703;24/01/2026;2026;1;T1;4;Enero;Sábado
F-0704;25/01/2026;2026;1;T1;4;Enero;Domingo
F-0705;26/01/2026;2026;1;T1;5;Enero;Lunes
F-0706;27/01/2026;2026;1;T1;5;Enero;Martes
F-0707;28/01/2026;2026;1;T1;5;Enero;Miércoles
F-0708;29/01/2026;2026;1;T1;5;Enero;Jueves
F-0709;30/01/2026;2026;1;T1;5;Enero;Viernes
F-0710;31/01/2026;2026;1;T1;5;Enero;Sábado
F-0711;01/02/2026;2026;2;T1;5;Febrero;Domingo
F-0712;02/02/2026;2026;2;T1;6;Febrero;Lunes
F-0713;03/02/2026;2026;2;T1;6;Febrero;Martes
F-0714;04/02/2026;2026;2;T1;6;Febrero;Miércoles
F-0715;05/02/2026;2026;2;T1;6;Febrero;Jueves
F-0716;06/02/2026;2026;2;T1;6;Febrero;Viernes
F-0717;07/02/2026;2026;2;T1;6;Febrero;Sábado
F-0718;08/02/2026;2026;2;T1;6;Febrero;Domingo
F-0719;09/02/2026;2026;2;T1;7;Febrero;Lunes
F-0720;10/02/2026;2026;2;T1;7;Febrero;Martes
F-0721;11/02/2026;2026;2;T1;7;Febrero;Miércoles
F-0722;12/02/2026;2026;2;T1;7;Febrero;Jueves
F-0723;13/02/2026;2026;2;T1;7;Febrero;Viernes
F-0724;14/02/2026;2026;2;T1;7;Febrero;Sábado
F-0725;15/02/2026;2026;2;T1;7;Febrero;Domingo
F-0726;16/02/2026;2026;2;T1;8;Febrero;Lunes
F-0727;17/02/2026;2026;2;T1;8;Febrero;Martes
F-0728;18/02/2026;2026;2;T1;8;Febrero;Miércoles
F-0729;19/02/2026;2026;2;T1;8;Febrero;Jueves
F-0730;20/02/2026;2026;2;T1;8;Febrero;Viernes
F-0731;21/02/2026;2026;2;T1;8;Febrero;Sábado
F-0732;22/02/2026;2026;2;T1;8;Febrero;Domingo
F-0733;23/02/2026;2026;2;T1;9;Febrero;Lunes
F-0734;24/02/2026;2026;2;T1;9;Febrero;Martes
F-0735;25/02/2026;2026;2;T1;9;Febrero;Miércoles
F-0736;26/02/2026;2026;2;T1;9;Febrero;Jueves
F-0737;27/02/2026;2026;2;T1;9;Febrero;Viernes
F-0738;28/02/2026;2026;2;T1;9;Febrero;Sábado
F-0739;01/03/2026;2026;3;T1;9;Marzo;Domingo
F-0740;02/03/2026;2026;3;T1;10;Marzo;Lunes
F-0741;03/03/2026;2026;3;T1;10;Marzo;Martes
F-0742;04/03/2026;2026;3;T1;10;Marzo;Miércoles
F-0743;05/03/2026;2026;3;T1;10;Marzo;Jueves
F-0744;06/03/2026;2026;3;T1;10;Marzo;Viernes
F-0745;07/03/2026;2026;3;T1;10;Marzo;Sábado
F-0746;08/03/2026;2026;3;T1;10;Marzo;Domingo
F-0747;09/03/2026;2026;3;T1;11;Marzo;Lunes
F-0748;10/03/2026;2026;3;T1;11;Marzo;Martes
F-0749;11/03/2026;2026;3;T1;11;Marzo;Miércoles
F-0750;12/03/2026;2026;3;T1;11;Marzo;Jueves
F-0751;13/03/2026;2026;3;T1;11;Marzo;Viernes
F-0752;14/03/2026;2026;3;T1;11;Marzo;Sábado
F-0753;15/03/2026;2026;3;T1;11;Marzo;Domingo
F-0754;16/03/2026;2026;3;T1;12;Marzo;Lunes
F-0755;17/03/2026;2026;3;T1;12;Marzo;Martes
F-0756;18/03/2026;2026;3;T1;12;Marzo;Miércoles
F-0757;19/03/2026;2026;3;T1;12;Marzo;Jueves
F-0758;20/03/2026;2026;3;T1;12;Marzo;Viernes
F-0759;21/03/2026;2026;3;T1;12;Marzo;Sábado
F-0760;22/03/2026;2026;3;T1;12;Marzo;Domingo
F-0761;23/03/2026;2026;3;T1;13;Marzo;Lunes
F-0762;24/03/2026;2026;3;T1;13;Marzo;Martes
F-0763;25/03/2026;2026;3;T1;13;Marzo;Miércoles
F-0764;26/03/2026;2026;3;T1;13;Marzo;Jueves
F-0765;27/03/2026;2026;3;T1;13;Marzo;Viernes
F-0766;28/03/2026;2026;3;T1;13;Marzo;Sábado
F-0767;29/03/2026;2026;3;T1;13;Marzo;Domingo
F-0768;30/03/2026;2026;3;T1;14;Marzo;Lunes
F-0769;31/03/2026;2026;3;T1;14;Marzo;Martes
F-0770;01/04/2026;2026;4;T2;14;Abril;Miércoles
F-0771;02/04/2026;2026;4;T2;14;Abril;Jueves
F-0772;03/04/2026;2026;4;T2;14;Abril;Viernes
F-0773;04/04/2026;2026;4;T2;14;Abril;Sábado
F-0774;05/04/2026;2026;4;T2;14;Abril;Domingo
F-0775;06/04/2026;2026;4;T2;15;Abril;Lunes
F-0776;07/04/2026;2026;4;T2;15;Abril;Martes
F-0777;08/04/2026;2026;4;T2;15;Abril;Miércoles
F-0778;09/04/2026;2026;4;T2;15;Abril;Jueves
F-0779;10/04/2026;2026;4;T2;15;Abril;Viernes
F-0780;11/04/2026;2026;4;T2;15;Abril;Sábado
F-0781;12/04/2026;2026;4;T2;15;Abril;Domingo
F-0782;13/04/2026;2026;4;T2;16;Abril;Lunes
F-0783;14/04/2026;2026;4;T2;16;Abril;Martes
F-0784;15/04/2026;2026;4;T2;16;Abril;Miércoles
F-0785;16/04/2026;2026;4;T2;16;Abril;Jueves
F-0786;17/04/2026;2026;4;T2;16;Abril;Viernes
F-0787;18/04/2026;2026;4;T2;16;Abril;Sábado
F-0788;19/04/2026;2026;4;T2;16;Abril;Domingo
F-0789;20/04/2026;2026;4;T2;17;Abril;Lunes
F-0790;21/04/2026;2026;4;T2;17;Abril;Martes
F-0791;22/04/2026;2026;4;T2;17;Abril;Miércoles
F-0792;23/04/2026;2026;4;T2;17;Abril;Jueves
F-0793;24/04/2026;2026;4;T2;17;Abril;Viernes
F-0794;25/04/2026;2026;4;T2;17;Abril;Sábado
F-0795;26/04/2026;2026;4;T2;17;Abril;Domingo
F-0796;27/04/2026;2026;4;T2;18;Abril;Lunes
F-0797;28/04/2026;2026;4;T2;18;Abril;Martes
F-0798;29/04/2026;2026;4;T2;18;Abril;Miércoles
F-0799;30/04/2026;2026;4;T2;18;Abril;Jueves
F-0800;01/05/2026;2026;5;T2;18;Mayo;Viernes
F-0801;02/05/2026;2026;5;T2;18;Mayo;Sábado
F-0802;03/05/2026;2026;5;T2;18;Mayo;Domingo
F-0803;04/05/2026;2026;5;T2;19;Mayo;Lunes
F-0804;05/05/2026;2026;5;T2;19;Mayo;Martes
F-0805;06/05/2026;2026;5;T2;19;Mayo;Miércoles
F-0806;07/05/2026;2026;5;T2;19;Mayo;Jueves
F-0807;08/05/2026;2026;5;T2;19;Mayo;Viernes
F-0808;09/05/2026;2026;5;T2;19;Mayo;Sábado
F-0809;10/05/2026;2026;5;T2;19;Mayo;Domingo
F-0810;11/05/2026;2026;5;T2;20;Mayo;Lunes
F-0811;12/05/2026;2026;5;T2;20;Mayo;Martes
F-0812;13/05/2026;2026;5;T2;20;Mayo;Miércoles
F-0813;14/05/2026;2026;5;T2;20;Mayo;Jueves
F-0814;15/05/2026;2026;5;T2;20;Mayo;Viernes
F-0815;16/05/2026;2026;5;T2;20;Mayo;Sábado
F-0816;17/05/2026;2026;5;T2;20;Mayo;Domingo
F-0817;18/05/2026;2026;5;T2;21;Mayo;Lunes
F-0818;19/05/2026;2026;5;T2;21;Mayo;Martes
F-0819;20/05/2026;2026;5;T2;21;Mayo;Miércoles
F-0820;21/05/2026;2026;5;T2;21;Mayo;Jueves
F-0821;22/05/2026;2026;5;T2;21;Mayo;Viernes
F-0822;23/05/2026;2026;5;T2;21;Mayo;Sábado
F-0823;24/05/2026;2026;5;T2;21;Mayo;Domingo
F-0824;25/05/2026;2026;5;T2;22;Mayo;Lunes
F-0825;26/05/2026;2026;5;T2;22;Mayo;Martes
F-0826;27/05/2026;2026;5;T2;22;Mayo;Miércoles
F-0827;28/05/2026;2026;5;T2;22;Mayo;Jueves
F-0828;29/05/2026;2026;5;T2;22;Mayo;Viernes
F-0829;30/05/2026;2026;5;T2;22;Mayo;Sábado
F-0830;31/05/2026;2026;5;T2;22;Mayo;Domingo
F-0831;01/06/2026;2026;6;T2;23;Junio;Lunes
F-0832;02/06/2026;2026;6;T2;23;Junio;Martes
F-0833;03/06/2026;2026;6;T2;23;Junio;Miércoles
F-0834;04/06/2026;2026;6;T2;23;Junio;Jueves
F-0835;05/06/2026;2026;6;T2;23;Junio;Viernes
F-0836;06/06/2026;2026;6;T2;23;Junio;Sábado
F-0837;07/06/2026;2026;6;T2;23;Junio;Domingo
F-0838;08/06/2026;2026;6;T2;24;Junio;Lunes
F-0839;09/06/2026;2026;6;T2;24;Junio;Martes
F-0840;10/06/2026;2026;6;T2;24;Junio;Miércoles
F-0841;11/06/2026;2026;6;T2;24;Junio;Jueves
F-0842;12/06/2026;2026;6;T2;24;Junio;Viernes
F-0843;13/06/2026;2026;6;T2;24;Junio;Sábado
F-0844;14/06/2026;2026;6;T2;24;Junio;Domingo
F-0845;15/06/2026;2026;6;T2;25;Junio;Lunes
F-0846;16/06/2026;2026;6;T2;25;Junio;Martes
F-0847;17/06/2026;2026;6;T2;25;Junio;Miércoles
F-0848;19/06/2026;2026;6;T2;25;Junio;Viernes
F-0849;20/06/2026;2026;6;T2;25;Junio;Sábado
F-0850;22/06/2026;2026;6;T2;26;Junio;Lunes
F-0851;25/06/2026;2026;6;T2;26;Junio;Jueves
F-0852;26/06/2026;2026;6;T2;26;Junio;Viernes
F-0853;28/06/2026;2026;6;T2;26;Junio;Domingo
F-0854;03/07/2026;2026;7;T3;27;Julio;Viernes
F-0855;04/07/2026;2026;7;T3;27;Julio;Sábado
F-0856;05/07/2026;2026;7;T3;27;Julio;Domingo
F-0857;06/07/2026;2026;7;T3;28;Julio;Lunes
F-0858;07/07/2026;2026;7;T3;28;Julio;Martes
F-0859;08/07/2026;2026;7;T3;28;Julio;Miércoles
F-0860;10/07/2026;2026;7;T3;28;Julio;Viernes
F-0861;13/07/2026;2026;7;T3;29;Julio;Lunes
F-0862;16/07/2026;2026;7;T3;29;Julio;Jueves
F-0863;22/07/2026;2026;7;T3;30;Julio;Miércoles
F-0864;28/07/2026;2026;7;T3;31;Julio;Martes
F-0865;05/08/2026;2026;8;T3;32;Agosto;Miércoles
F-0866;06/08/2026;2026;8;T3;32;Agosto;Jueves
